objective,explanation,lecture_id,include,category,mastery_score,exam,system
Identify key anatomical structures & relationships in thorax,,"Clinical anatomy of lungs, pleura & spaces",y,Anatomy,1,Exam 1,Respiratory
Define the thoracic (and abdominal) spaces,,"Clinical anatomy of lungs, pleura & spaces",y,Anatomy,1,Exam 1,Respiratory
Compare and contrast pleura and peritoneum,,"Clinical anatomy of lungs, pleura & spaces",y,Anatomy,1,Exam 1,Respiratory
Describe innervation of the pleura,,"Clinical anatomy of lungs, pleura & spaces",y,Anatomy,1,Exam 1,Respiratory
"Compare and contrast lines of pleura reflection & surface projection of the lungs, and apply this to clinical exams",,"Clinical anatomy of lungs, pleura & spaces",y,Anatomy,1,Exam 1,Respiratory
Draw the layers of the thoracic & abdominal spaces,,"Clinical anatomy of lungs, pleura & spaces",y,Anatomy,1,Exam 1,Respiratory
"Define the terms: Intraperitoneal, retroperitoneal, and secondarily retroperitoneal and identify anatomical structures which fit into each category",,"Clinical anatomy of lungs, pleura & spaces",y,Anatomy,1,Exam 1,Respiratory
Describe the mechanics of pulmonary ventilation (Breathing),,Respiratory module 1: Biomechanics of breathing,y,Physiology,1,Exam 1,Respiratory
Describe the factors that determine mechanical ventilation,,Respiratory module 1: Biomechanics of breathing,y,Physiology,1,Exam 1,Respiratory
Explain the role of lung compliance during breathing,,Respiratory module 1: Biomechanics of breathing,y,Physiology,1,Exam 1,Respiratory
Explain the effect of airway radius on ventilation,,Respiratory module 1: Biomechanics of breathing,y,Physiology,1,Exam 1,Respiratory
Define lung volumes and capacities as measured by spirometry,,Respiratory module 1: Biomechanics of breathing,y,Physiology,1,Exam 1,Respiratory
Describe the factors that affect gas diffusion in the lungs,,Respiratory module 2: Ventilation perfusion and gas exchange,y,Physiology,1,Exam 1,Respiratory
Describe how gas diffusion in the lung is measured,,Respiratory module 2: Ventilation perfusion and gas exchange,y,Physiology,1,Exam 1,Respiratory
Explain the local mechanisms that regulate lung perfusion and ventilation,,Respiratory module 2: Ventilation perfusion and gas exchange,y,Physiology,1,Exam 1,Respiratory
Explain how O2 and CO2 are transported in plasma,,Respiratory module 3: Transport of gases and control of breathing,y,Physiology,1,Exam 1,Respiratory
Describe the location and function of the brain's respiratory centre,,Respiratory module 3: Transport of gases and control of breathing,y,Physiology,1,Exam 1,Respiratory
Compare the roles of O2 and CO2 in control of ventilation,,Respiratory module 3: Transport of gases and control of breathing,y,Physiology,1,Exam 1,Respiratory
Evaluate the effects of barometric pressure on respiration,,Respiratory module 3: Transport of gases and control of breathing,y,Physiology,1,Exam 1,Respiratory
Apply the principles of control of breathing to the problems caused by breath hold diving,,Respiratory module 3: Transport of gases and control of breathing,y,Physiology,1,Exam 1,Respiratory
Appreciate the range of common respiratory tract infections (RTIs),,Upper respiratory tract infections,y,Physiology,1,Exam 1,Respiratory
Recognise the major respiratory pathogens and describe the infections caused,,Upper respiratory tract infections,y,Microbiology,1,Exam 1,Respiratory
Describe the basic symptoms and steps taken to diagnose RTIs,,Upper respiratory tract infections,y,Microbiology,1,Exam 1,Respiratory
Assess critically the need for antibiotics,,Upper respiratory tract infections,y,Microbiology,1,Exam 1,Respiratory
Be aware of rare but potentially serious respiratory infections requiring urgent attention,,Upper respiratory tract infections,y,Microbiology,1,Exam 1,Respiratory
Summarise the immune-anatomy and evaluate the importance of physical barriers in the respiratory system,,"Respiratory immunology, allergy, and host defence",y,Immunology,1,Exam 1,Respiratory
"Distinguish the roles of the innate immune macrophages, neutrophils and dendritic cells in respiratory immunity",,"Respiratory immunology, allergy, and host defence",y,Immunology,1,Exam 1,Respiratory
Appraise the role of adaptive immune cells in the respiratory tract and explain the requirement for mucosal IgA to be noninflammatory,,"Respiratory immunology, allergy, and host defence",y,Immunology,1,Exam 1,Respiratory
Analyse the development and pathology of allergic responses to aero-antigens,,"Respiratory immunology, allergy, and host defence",y,Immunology,1,Exam 1,Respiratory
Describe the major characteristics of asthma and how they drive treatment,,Asthma and COPD,y,Pharmacology,1,Exam 1,Respiratory
Understand the mechanisms of action and use of different classes of medication used to treat asthma,,Asthma and COPD,y,Pharmacology,1,Exam 1,Respiratory
Describe the major causes and characteristics of Chronic Obstructive Pulmonary Disease (COPD) and how they drive treatment,,Asthma and COPD,y,Pharmacology,1,Exam 1,Respiratory
Understand the mechanisms of action and use of different classes of medication used to treat COPD,,Asthma and COPD,y,Pharmacology,1,Exam 1,Respiratory
Discuss the role of pharmacological agents for the treatment of respiratory infections,,Pulmonary antimicrobials,y,Pharmacology,1,Exam 1,Respiratory
Explain the factors that guide your decisions,,Pulmonary antimicrobials,y,Pharmacology,1,Exam 1,Respiratory
Identify the sources of information that will guide your decisions about drug choices for these conditions,,Pulmonary antimicrobials,y,Pharmacology,1,Exam 1,Respiratory
Identify the organs which develop from the gut tube,,Development & adult anatomy of the foregut,y,Anatomy,1,Exam 1,GIT
Describe the key steps involved with gut development,,Development & adult anatomy of the foregut,y,Anatomy,1,Exam 1,GIT
"Compare and contrast typical foregut development with atypical development, noting the anatomical implications related to anatomical relationships",,Development & adult anatomy of the foregut,y,Anatomy,1,Exam 1,GIT
Identify the adult anatomical relationships determined during fetal development,,Development & adult anatomy of the foregut,y,Anatomy,1,Exam 1,GIT
"Describe the driver of foregut rotation, and the typical axis of this rotation",,Development & adult anatomy of the foregut,y,Anatomy,1,Exam 1,GIT
Compare and contrast adult peritoneal ligaments/reflections/mesentery with mesoderm,,Development & adult anatomy of the foregut,y,Anatomy,1,Exam 1,GIT
"Add to your classification of the visceral relationships with peritoneum (i.e. intra-, retro-, and secondarily retro-
peritoneal)",,Development & adult anatomy of the foregut,y,Anatomy,1,Exam 1,GIT
"Review embryonic folding, and identify how this process impacts midgut and hindgut development",,Development & adult anatomy of the midgut and hindgut,y,Anatomy,1,Exam 1,GIT
Identify the axis and steps of midgut rotation,,Development & adult anatomy of the midgut and hindgut,y,Anatomy,1,Exam 1,GIT
"Discuss how midgut loop rotation impacts the infant and adult anatomical relationships of the foregut, midgut, and hindgut",,Development & adult anatomy of the midgut and hindgut,y,Anatomy,2,Exam 1,GIT
Identify the relationships of abdominal viscera to the peritoneum,,Development & adult anatomy of the midgut and hindgut,y,Anatomy,1,Exam 1,GIT
"Compare and contrast appendix/ascending colon development to transverse and descending colon, with a focus on adult positioning",,Development & adult anatomy of the midgut and hindgut,y,Anatomy,1,Exam 1,GIT
"Identify the steps of hindgut development, and discuss how the germ layer derivatives impact innervation, lymphatic drainage, and vascular supply",,Development & adult anatomy of the midgut and hindgut,y,Anatomy,1,Exam 1,GIT
Describe some of the functions of the anterior abdominal wall,,Anterior abdominal wall & descent of testes,y,Anatomy,1,Exam 1,GIT
Compare and contrast the muscular layers of the anterior abdominal wall,,Anterior abdominal wall & descent of testes,y,Anatomy,1,Exam 1,GIT
Compare and contrast the layers (muscular and fascial) of the anterior abdominal wall superior and inferior to the arcuate line,,Anterior abdominal wall & descent of testes,y,Anatomy,1,Exam 1,GIT
"Identify the nervous innervation of the anterior abdominal wall, and how the anatomical relationships of these nerves apply to a surgical scenario",,Anterior abdominal wall & descent of testes,y,Anatomy,1,Exam 1,GIT
"Trace the pathways of the vascular supply of the anterior abdominal wall, and identify the layers this sit in",,Anterior abdominal wall & descent of testes,y,Anatomy,1,Exam 1,GIT
Identify the boundaries and location of the inguinal canal,,Anterior abdominal wall & descent of testes,y,Anatomy,1,Exam 1,GIT
"Describe the developmental steps involved with testes descent, and how this relates to the anterior abdominal wall",,Anterior abdominal wall & descent of testes,y,Anatomy,1,Exam 1,GIT
Compare and contrast the lymphatic drainage of the testes and the scrotum,,Anterior abdominal wall & descent of testes,y,Anatomy,1,Exam 1,GIT
"Draw a diagram showing the different sections of the gastrointestinal tract/gut, as well as the accessory glands and organs",,Introduction and neuronal control of the gut,y,Physiology,1,Exam 1,GIT
List the four major functions of the gut,,Introduction and neuronal control of the gut,y,Physiology,1,Exam 1,GIT
Explain how the circular and longitudinal smooth muscle layers of the gut alter the length and diameter of the gut tube,,Introduction and neuronal control of the gut,y,Physiology,1,Exam 1,GIT
Describe oesophageal peristalsis as an example of gut motility,,Introduction and neuronal control of the gut,y,Physiology,1,Exam 1,GIT
List the smooth and skeletal muscle sphincters in the gut and label them on a diagram of the gut,,Introduction and neuronal control of the gut,y,Physiology,1,Exam 1,GIT
Describe the anatomy of the enteric nervous system,,Introduction and neuronal control of the gut,y,Physiology,1,Exam 1,GIT
"Discuss the control of motility, secretions and smooth muscle sphincter opening/closing by the autonomic and the enteric nervous systems",,Introduction and neuronal control of the gut,y,Physiology,1,Exam 1,GIT
Include what triggers these types of motility and their neuronal control,,Gut motility,y,Physiology,1,Exam 1,GIT
Include what triggers these types of motility and their neuronal control,,Gut motility,y,Physiology,1,Exam 1,GIT
"Use examples of homeostatic imbalance (constipation, diarrhea) to explain normal digestive function in the intestines",,Gut motility,y,Physiology,1,Exam 1,GIT
"Explain the roles of sensory, autonomic, enteric and somatic nerves in the defecation reflex",,Gut motility,y,Physiology,1,Exam 1,GIT
List five functions of saliva and explain these functions in the context of the effects of xerostomia,,Gut secretions 1,y,Physiology,1,Exam 1,GIT
Describe how salivation is regulated by parasympathetic nerve activation,,Gut secretions 1,y,Physiology,1,Exam 1,GIT
Explain drugs that modulate muscarinic receptor activation to treat ptyalism or xerostomia,,Gut secretions 1,y,Physiology,1,Exam 1,GIT
Describe the three phases of swallowing (deglutition),,Gut secretions 1,y,Physiology,1,Exam 1,GIT
Explain the neuronal control of swallowing,,Gut secretions 1,y,Physiology,1,Exam 1,GIT
Discuss common causes and treatment of dysphasia,,Gut secretions 1,y,Physiology,1,Exam 1,GIT
Draw an acid/HCl-secreting parietal cell showing basal HCl secretion,,Gut secretions 1,y,Physiology,1,Exam 1,GIT
"Explain the receptor-mediated increases in HCl secretion with histamine, gastrin and acetylcholine during the 3 phases of gastric secretory activity",,Gut secretions 1,y,Physiology,1,Exam 1,GIT
Discuss pharmacological treatments of excess parietal HCl secretion,,Gut secretions 1,y,Physiology,1,Exam 1,GIT
"Explain the roles of bile, cholecystokinin (CCK) and secretin in the emulsification and chemical digestion of fats",,Gut secretions 2,y,Physiology,1,Exam 1,GIT
Describe what triggers the secretion of CCK and secretin following ingestion of a meal,,Gut secretions 2,y,Physiology,1,Exam 1,GIT
"Describe the roles of pancreatic (exocrine) secretions in fat, protein and carbohydrate digestion",,Gut secretions 2,y,Physiology,1,Exam 1,GIT
"Discuss how the entry of pancreatic secretions into the duodenum is regulated by CCK, secretin and vagal/parasympathetic nerve activation",,Gut secretions 2,y,Physiology,1,Exam 1,GIT
Use the effects of pancreatitis to explain normal pancreatic functions in digestive physiology,,Gut secretions 2,y,Physiology,1,Exam 1,GIT
Describe the composition of bile and the functions of its key constituents,,Bile synthesis and the enterohepatic circulation,y,Physiology,1,Exam 1,GIT
"Explain the synthesis, secretion, and flow of bile through the biliary system to the duodenum",,Bile synthesis and the enterohepatic circulation,y,Physiology,1,Exam 1,GIT
"Discuss the enterohepatic circulation of bile components, particularly bile salts, and their physiological significance",,Bile synthesis and the enterohepatic circulation,y,Physiology,1,Exam 1,GIT
Define jaundice and outline its underlying causes,,Jaundice,y,Physiology,1,Exam 1,GIT
"Explain the classification of jaundice into prehepatic, hepatic, and posthepatic types",,Jaundice,y,Physiology,1,Exam 1,GIT
Recognize the key clinical features and typical investigation findings associated with each type of jaundice,,Jaundice,y,Physiology,1,Exam 1,GIT
"Appreciate that GIT infections can be caused by viral, bacterial, protozoal or helminth (worms) type pathogens",,Infection of the gut,y,Microbiology,1,Exam 1,GIT
Name and give examples of some common important viral and bacterial causative agents of GIT infections,,Infection of the gut,y,Microbiology,1,Exam 1,GIT
Relate the most common clinical presentations to the pathogenesis of the viral or bacterial agent,,Infection of the gut,y,Microbiology,1,Exam 1,GIT
Indicate how common bacterial and viral GIT infections may be diagnosed and managed,,Infection of the gut,y,Microbiology,1,Exam 1,GIT
Explain the actions of drugs used to modify gut motility,,Drugs affecting GIT motility,y,Pharmacology,1,Exam 1,GIT
Identify the factors responsible for vomiting,,Drugs affecting GIT motility,y,Pharmacology,1,Exam 1,GIT
Describe the mode of action of pharmacological agents used in the treatment of vomiting,,Drugs affecting GIT motility,y,Pharmacology,1,Exam 1,GIT
Define the nutrients and non-nutrients and their biological roles,,Key concepts in nutrition science,y,Nutrition,1,Exam 1,GIT
"Explain energy balance and energy density, and their use in human nutrition",,Key concepts in nutrition science,y,Nutrition,1,Exam 1,GIT
Describe the techniques to assess energy intake & expenditure,,Key concepts in nutrition science,y,Nutrition,1,Exam 1,GIT
Discuss the mechanisms that regulate energy balance,,Key concepts in nutrition science,y,Nutrition,1,Exam 1,GIT
"Interpret the interactions between physiological, psychological, sociocultural & environmental factors that influence food intake",,Key concepts in nutrition science,y,Nutrition,1,Exam 1,GIT
Describe how national nutrient intake recommendations are derived,,"Nutrients in the body, deficiencies and excesses",y,Nutrition,1,Exam 1,GIT
Identify requirements and food sources for macronutrients in healthy adults,,"Nutrients in the body, deficiencies and excesses",y,Nutrition,1,Exam 1,GIT
Describe the effect of altering macronutrient quantity and distribution,,"Nutrients in the body, deficiencies and excesses",y,Nutrition,1,Exam 1,GIT
Identify key food sources of the micronutrients most at risk of deficiency or toxicity,,"Nutrients in the body, deficiencies and excesses",y,Nutrition,1,Exam 1,GIT
Differentiate clinical symptoms of common nutrient deficiencies and excesses,,"Nutrients in the body, deficiencies and excesses",y,Nutrition,1,Exam 1,GIT
Summarise the essential components of nutritional assessment,,Nutritional assessment & dietary guidelines,y,Nutrition,1,Exam 1,GIT
Describe the common methods of assessing and interpreting food intake,,Nutritional assessment & dietary guidelines,y,Nutrition,1,Exam 1,GIT
"Describe how national nutrient intake recommendations are derived, and their use and their limitations",,Nutritional assessment & dietary guidelines,y,Nutrition,1,Exam 1,GIT
State the current national dietary guidelines,,Nutritional assessment & dietary guidelines,y,Nutrition,1,Exam 1,GIT
Describe the basis for changing nutrient needs across the lifespan,,"Altered nutrition requirements, myths & misconceptions",y,Nutrition,1,Exam 1,GIT
Differentiate between a food based and nutrient based approach to nutrition,,"Altered nutrition requirements, myths & misconceptions",y,Nutrition,1,Exam 1,GIT
"Recognise the role of food literacy, health literacy and self-management behaviours",,"Altered nutrition requirements, myths & misconceptions",y,Nutrition,1,Exam 1,GIT
Explain common myths or misconceptions about nutrition,,"Altered nutrition requirements, myths & misconceptions",y,Nutrition,1,Exam 1,GIT
Identify the key anatomical structures of the posterior abdominal wall,,The nephron & posterior abdominal wall & kidneys,y,Anatomy,1,Exam 2,Renal
Identify how anatomical structures in the thorax communicate with the abdomen,,The nephron & posterior abdominal wall & kidneys,y,Anatomy,1,Exam 2,Renal
"Identify the relationships between the kidneys, ureters, and bony landmarks",,The nephron & posterior abdominal wall & kidneys,y,Anatomy,1,Exam 2,Renal
Understand the gross anatomy and blood supply of the kidney,,The nephron & posterior abdominal wall & kidneys,y,Anatomy,1,Exam 2,Renal
Understand the pattern of pain referral from the kidney and ureter,,The nephron & posterior abdominal wall & kidneys,y,Anatomy,1,Exam 2,Renal
Identify the major anatomical components that comprise the nephron,,The nephron & posterior abdominal wall & kidneys,y,Anatomy,1,Exam 2,Renal
Understand that nephrogenesis occurs by interactions between the uretic bud and metanephric mesenchyme,,Developmental & congenital abnormalities of the renal system,y,Anatomy,1,Exam 2,Renal
Understand the stages of nephrogenesis,,Developmental & congenital abnormalities of the renal system,y,Anatomy,1,Exam 2,Renal
Identify the embryological origin of structures in the adult kidney,,Developmental & congenital abnormalities of the renal system,y,Anatomy,1,Exam 2,Renal
Understand that both environmental factors and genetic factors contribute to the kidney and urinary tract (CAKUT),,Developmental & congenital abnormalities of the renal system,y,Anatomy,1,Exam 2,Renal
Understand that the healthy adult kidney can have large variations in nephron number,,Developmental & congenital abnormalities of the renal system,y,Anatomy,1,Exam 2,Renal
Understand how congenital kidney abnormalities relate to developmental processes,,Developmental & congenital abnormalities of the renal system,y,Anatomy,1,Exam 2,Renal
Understand the embryological basis for anatomical variations relating to the ureter,,Developmental & congenital abnormalities of the renal system,y,Anatomy,1,Exam 2,Renal
"Understand the process of kidney ""migration"", rotation and acquisition of blood supply",,Developmental & congenital abnormalities of the renal system,y,Anatomy,1,Exam 2,Renal
"Understand that the gonads and reproductive organs arise from the mesonephroi, mesonephric and paramesonephric
ducts.",,Developmental & congenital abnormalities of the renal system,y,Anatomy,1,Exam 2,Renal
Identify the embryological origin of the reproductive organs,,Developmental & congenital abnormalities of the renal system,y,Anatomy,1,Exam 2,Renal
"Understand the embryological basis for anatomical variations relating to the mesonephric and paramesonephric ducts
(PUV and M√ºllerian duct syndrome as examples)",,Developmental & congenital abnormalities of the renal system,y,Anatomy,1,Exam 2,Renal
"Understand that CAKUT is associated with several human malformation syndromes environmental factors and genetic
factors contribute to CAKUT (it is complex)",,Developmental & congenital abnormalities of the renal system,y,Anatomy,1,Exam 2,Renal
List the functions of the kidneys,,Renal filtration and clearance,y,Physiology,1,Exam 2,Renal
Draw and label the functional unit of the kidney,,Renal filtration and clearance,y,Physiology,1,Exam 2,Renal
"Draw and label pathways for solute and fluid filtration, reabsorption, secretion and excretion",,Renal filtration and clearance,y,Physiology,1,Exam 2,Renal
Describe the glomerular filtration barrier,,Renal filtration and clearance,y,Physiology,1,Exam 2,Renal
"Describe the forces that drive and oppose filtration of fluids and solutes from the glomerular capillaries into the
Bowman‚Äôs capsule (i.e. glomerular filtration)",,Renal filtration and clearance,y,Physiology,1,Exam 2,Renal
Define the glomerular filtration rate (GFR) and its clinical significance,,Renal filtration and clearance,y,Physiology,1,Exam 2,Renal
Define micturition and urinary continence,,Micturition and continence,y,Physiology,1,Exam 2,Renal
Describe the specializations of the bladder for storage and periodic voiding,,Micturition and continence,y,Physiology,1,Exam 2,Renal
Outline urinary bladder innervation and control of voiding,,Micturition and continence,y,Physiology,1,Exam 2,Renal
Define incontinence and identify clinical features,,Micturition and continence,y,Physiology,1,Exam 2,Renal
Describe the common organisms causing UTIs,,Urinary tract infections,y,Microbiology,1,Exam 2,Renal
Describe the pathophysiology and risk factors for UTIs,,Urinary tract infections,y,Microbiology,1,Exam 2,Renal
Describe clinical presentation & general principles of diagnosis and management of UTIs,,Urinary tract infections,y,Microbiology,1,Exam 2,Renal
Explain the difference between passive and active reabsorption across the renal tubules,,Renal tubular mechanisms,y,Physiology,1,Exam 2,Renal
Use the reabsorption of glucose to describe the transport maximum,,Renal tubular mechanisms,y,Physiology,1,Exam 2,Renal
Describe how changes in afferent and efferent renal arteriole resistance affect RBF and GFR,,Renal tubular mechanisms,y,Physiology,1,Exam 2,Renal
Describe the structure and function of the juxtaglomerular apparatus,,Renal tubular mechanisms,y,Physiology,1,Exam 2,Renal
Describe how the myogenic mechanism and tubuloglomerular feedback maintain RBF and GFR,,Renal tubular mechanisms,y,Physiology,1,Exam 2,Renal
List the main inputs and outputs of Na+ from the body,,Renal tubular mechanisms,y,Physiology,1,Exam 2,Renal
Describe how the body detects changes in total body Na+,,Renal tubular mechanisms,y,Physiology,1,Exam 2,Renal
Explain the ‚Äö√Ñ√≤pressure natriuresis‚Äö√Ñ√¥ mechanism,,Renal tubular mechanisms,y,Physiology,1,Exam 2,Renal
Describe the reabsorption of Na+ in the renal tubules and the role of aldosterone,,Renal tubular mechanisms,y,Physiology,1,Exam 2,Renal
Discuss the renin-angiotensin-aldosterone system,,Renal tubular mechanisms,y,Physiology,1,Exam 2,Renal
Describe the factors that control plasma levels of renin,,Renal tubular mechanisms,y,Physiology,1,Exam 2,Renal
Describe the normal distribution of water within body fluid compartments,,Fluid osmolarity and water balance,y,Physiology,1,Exam 2,Renal
Define osmolarity and major solutes involved,,Fluid osmolarity and water balance,y,Physiology,1,Exam 2,Renal
Explain how osmolarity influences water diffusion,,Fluid osmolarity and water balance,y,Physiology,1,Exam 2,Renal
List the main inputs and outputs of H2O from the body,,Fluid osmolarity and water balance,y,Physiology,1,Exam 2,Renal
Discuss physiological responses to drinking H2O and dehydration,,Fluid osmolarity and water balance,y,Physiology,1,Exam 2,Renal
Explain why a renal interstitial hyperosmotic gradient is required for concentrated urine,,Fluid osmolarity and water balance,y,Physiology,1,Exam 2,Renal
Briefly describe the counter-current exchange mechanism,,Fluid osmolarity and water balance,y,Physiology,1,Exam 2,Renal
Describe the importance of buffer systems for homeostasis,,Acid/base balance of biological fluids,y,Physiology,1,Exam 2,Renal
Outline the major buffer systems of the body,,Acid/base balance of biological fluids,y,Physiology,1,Exam 2,Renal
Describe how bicarbonate is reabsorbed at different areas of the kidney,,Renal handling of bicarbonate,y,Physiology,1,Exam 2,Renal
"Describe how the kidney is able to generate ""new"" bicarbonate",,Renal handling of bicarbonate,y,Physiology,1,Exam 2,Renal
Describe essential and secondary forms of hypertension,,Introduction to the pharmacology of hypertension,y,Pharmacology,1,Exam 2,Renal
Discuss the non-pharmacological management of hypertension,,Introduction to the pharmacology of hypertension,y,Pharmacology,1,Exam 2,Renal
Explain therapeutic strategies to treat hypertension for different patient groups,,Introduction to the pharmacology of hypertension,y,Pharmacology,1,Exam 2,Renal
Explain the mechanisms of new & niche antihypertensive drugs,,Introduction to the pharmacology of hypertension,y,Pharmacology,1,Exam 2,Renal
List the sites and mechanisms of action of the major classes of diuretics,,Diuretics and pharmacological treatment of renal disorders,y,Pharmacology,1,Exam 2,Renal
"Describe the major clinical uses of diuretic drugs for CVD, HTN, and HF
- importance of furosemide, thiazides, spironoloactone
- drug-induced decreases/increases K+",,Diuretics and pharmacological treatment of renal disorders,y,Pharmacology,1,Exam 2,Renal
Understand mannitol and SGLT2 inhibitors,,Diuretics and pharmacological treatment of renal disorders,y,Pharmacology,1,Exam 2,Renal
Understand the role of AVP in control of fluid volume,,Diuretics and pharmacological treatment of renal disorders,y,Pharmacology,1,Exam 2,Renal
"Understand general aspects of renal disease relating to:
- pharmacokinetics/drug toxicity
- acute versus chronic renal failure",,Diuretics and pharmacological treatment of renal disorders,y,Pharmacology,1,Exam 2,Renal
Describe the four main types of acid-base disorders and their compensations,,Acid/base disorders and compensation,y,Physiology,1,Exam 2,Renal
Distinguish acute from chronic acid-base disturbances,,Acid/base disorders and compensation,y,Physiology,1,Exam 2,Renal
Explain how the respiratory and renal systems participate in buffering,,Acid/base disorders and compensation,y,Physiology,1,Exam 2,Renal
Interpret blood gas data to identify disorders and apply Boston bedside rules,,Acid/base disorders and compensation,y,Physiology,1,Exam 2,Renal
State the definition and classification of AKI and CKD,,Acute kidney injury and chronic kidney disease,y,Physiology,1,Exam 2,Renal
Describe the pathophysiology and clinical manifestations of AKI and CKD,,Acute kidney injury and chronic kidney disease,y,Physiology,1,Exam 2,Renal
Differentiate AKI and CKD based on clinical characteristics,,Acute kidney injury and chronic kidney disease,y,Physiology,1,Exam 2,Renal
Describe the characteristics of endocrine communication,,Components of the endocrine system,y,Physiology,1,Exam 2,Endocrine
List the classic endocrine glands of the body,,Components of the endocrine system,y,Physiology,1,Exam 2,Endocrine
Give examples of steroid/protein/amine hormones,,Components of the endocrine system,y,Physiology,1,Exam 2,Endocrine
Describe different signal transduction pathways,,Components of the endocrine system,y,Physiology,1,Exam 2,Endocrine
Describe factors that determine hormone plasma concentrations,,Components of the endocrine system,y,Physiology,1,Exam 2,Endocrine
Give an example of a hormone that exerts negative feedback control,,Components of the endocrine system,y,Physiology,1,Exam 2,Endocrine
Describe the anatomy of the hypothalamus and pituitary gland,,The hypothalamus and pituitary gland,y,Physiology,1,Exam 2,Endocrine
State which hormones are produced and secreted by the hypothalamus and pituitary gland,,The hypothalamus and pituitary gland,y,Physiology,1,Exam 2,Endocrine
Give an example of a hormone that exerts negative feedback control,,The hypothalamus and pituitary gland,y,Physiology,1,Exam 2,Endocrine
Explain how growth hormone release is regulated and its actions on growth,,The hypothalamus and pituitary gland,y,Physiology,1,Exam 2,Endocrine
List other hormones affecting growth,,The hypothalamus and pituitary gland,y,Physiology,1,Exam 2,Endocrine
Describe the outcomes of growth hormone excess and deficiency,,The hypothalamus and pituitary gland,y,Physiology,1,Exam 2,Endocrine
Describe the effector sites of calcium regulation,,Calcium balance,y,Physiology,1,Exam 2,Endocrine
Describe the steps and importance of bone remodelling,,Calcium balance,y,Physiology,1,Exam 2,Endocrine
Describe the role of the parathyroid gland and PTH in calcium homeostasis,,Calcium balance,y,Physiology,1,Exam 2,Endocrine
"Explain the importance of 1,25-dihydroxyvitamin D in Ca2+ homeostasis",,Calcium balance,y,Physiology,1,Exam 2,Endocrine
List the most common bone diseases,,Calcium balance,y,Physiology,1,Exam 2,Endocrine
Identify the risks and consequences of osteoporosis,,Osteoporosis,y,Pharmacology,1,Exam 2,Endocrine
Discuss the factors that influence the treatment and mechanisms of action of drugs for osteoporosis,,Osteoporosis,y,Pharmacology,1,Exam 2,Endocrine
Describe the anatomy of the adrenal gland,,Endocrine response to stress,y,Physiology,1,Exam 2,Endocrine
"Utilise the specific actions of catecholamines to explain the ""fight-or-flight"" response",,Endocrine response to stress,y,Physiology,1,Exam 2,Endocrine
Draw the hypothalamic-pituitary-adrenal axis,,Endocrine response to stress,y,Physiology,1,Exam 2,Endocrine
Describe the mechanisms of action and functions of cortisol,,Endocrine response to stress,y,Physiology,1,Exam 2,Endocrine
Define stress and describe the coordinated stress response,,Endocrine response to stress,y,Physiology,1,Exam 2,Endocrine
Describe the anatomy and histology of the thyroid gland,,Thyroid gland,y,Physiology,1,Exam 2,Endocrine
Diagram the hypothalamic-pituitary-thyroid axis,,Thyroid gland,y,Physiology,1,Exam 2,Endocrine
Explain how thyroid hormones are synthesised and their mechanisms of action,,Thyroid gland,y,Physiology,1,Exam 2,Endocrine
"Describe the actions of thyroid hormone during development, on metabolism, and the cardiovascular system",,Thyroid gland,y,Physiology,1,Exam 2,Endocrine
Discuss approaches to treatment of thyroid disorders,,Drugs and thyroid disease,y,Pharmacology,1,Exam 2,Endocrine
Discuss the pharmacology of drugs used in hypothyroid and hyperthyroid states,,Drugs and thyroid disease,y,Pharmacology,1,Exam 2,Endocrine
Explain the difference between glucose transporters and their locations,,Diabetes overview  and complications of diabetes,y,Physiology,1,Exam 2,Endocrine
Describe the actions of insulin and glucagon to maintain glucose homeostasis,,Diabetes overview  and complications of diabetes,y,Physiology,1,Exam 2,Endocrine
Differentiate between the causes and effects of type I and II diabetes,,Diabetes overview  and complications of diabetes,y,Physiology,1,Exam 2,Endocrine
Describe the effects of chronic hyperglycaemia,,Diabetes overview  and complications of diabetes,y,Physiology,1,Exam 2,Endocrine
Describe the role of insulin (and glucagon) in the control of blood glucose levels,,Diabetes therapeutics,y,Pharmacology,1,Exam 2,Endocrine
List the different formulations of insulin,,Diabetes therapeutics,y,Pharmacology,1,Exam 2,Endocrine
Describe the mode of action of oral hypoglycaemic agents,,Diabetes therapeutics,y,Pharmacology,1,Exam 2,Endocrine
Indicate where the parietal pleura is particularly vulnerable to a penetrating injury (noting sites of extension beyond the bony thorax). Compare and contrast innervation of the parietal pleura with that of the visceral pleura (noting the difference between somatic and visceral pain).,,,y,Anatomy,1,Exam 1,Respiratory
"Explain the significance of accumulation of air, fluid or blood in the pleural cavity and how you would assess this based on anatomy (noting the particular danger of a tension pneumothorax and clinical relevance of tracheal deviation).",,,y,Anatomy,1,Exam 1,Respiratory
Outline the lymph drainage of the lungs and how this lymphatic drainage is impacted by lung cancer spread (noting significance of widening of the angle of the carina observed on bronchoscopy and relevance to malignancy).,,,y,Anatomy,1,Exam 1,Respiratory
"Describe the anatomical landmarks used in subclavian central line insertion, and potential complications related to nearby structures. Compare and contrast the anatomy of subclavian central line insertion with that of a peripherally inserted central catheter (PICC) and peripheral intravenous cannula (noting the course of the different catheters through the venous system).",,,y,Anatomy,1,Exam 1,Respiratory
Illustrate the typical sites of constriction of the oesophagus and discuss the relationships of nearby structures impacting these constrictions (visible on oesophagoscopy).,,,y,Anatomy,1,Exam 1,Respiratory
"Indicate potential sources of referred pain to dermatomes over thorax (noting why cardiac pain and oesophageal pain may mimic each other) and from thoracic structures (particularly myocardium, pericardium and pleura) to dermatomes over other sites.",,,y,Anatomy,1,Exam 1,Respiratory
"Explain how the autonomic nervous system and conduction system of the heart result in controlled and coordinated cardiac function, include in your discussion the anatomical position and relations of the structures involved. Discuss potential consequences of denervation of the autonomic nervous system (to the heart (e.g. immediately following a heart transplant)",,,y,Anatomy,1,Exam 1,Respiratory
"Illustrate the anatomy of the thoracic aorta, highlighting the different parts, branches and surrounding structures. Discuss the presentation and potential complications of a thoracic aortic dissection, including the anatomical basis of the referred pain.",,,y,Anatomy,1,Exam 1,Respiratory
"Describe common sites of abdominal hernias, focussing on hernias related to the inguinal and femoral canals. Discuss the presentation and potential complications of hernias (including incarceration, obstruction and strangulation), and explain why a femoral hernia is particularly likely to strangulate.",,,y,Anatomy,1,Exam 1,GIT
"Overview the pathway of testicular 'descent', and explain the significance of ‚Äö√Ñ√≤undescended‚Äö√Ñ√¥, ‚Äö√Ñ√≤ectopic‚Äö√Ñ√¥ and ‚Äö√Ñ√≤retractile‚Äö√Ñ√¥ testes.'Describe the arterial supply and venous drainage of the testes, including differences in the venous drainage for the left versus the right testis.",,,y,Anatomy,1,Exam 1,GIT
Define the term ‚Äö√Ñ√≤torsion‚Äö√Ñ√¥ of testis (noting mechanism and effects). Indicate the site of pain referral (noting scrotal contents should also be examined in abdominal pain).,,,y,Anatomy,1,Exam 1,GIT
"Compare and contrast the path of lymph drainage of the testis with that of scrotum (noting significance in cancer spread). Compare and contrast this with lymph drainage from the stomach (another organ supplied by branches from the abdominal aorta). For both the stomach and testis, explain why the first palpable lymph node tends to be the left supraclavicular node.",,,y,Anatomy,1,Exam 1,GIT
Indicate the vertebral levels of the abdominal viscera and indicate the lowest parts of the peritoneal cavity in the supine position of someone with or without a uterus (noting fluid such as pus or blood can accumulate in these sites).,,,y,Anatomy,1,Exam 1,GIT
Explain the difference between somatic and visceral pain in the abdomen (compare and contrast nerve supply of parietal peritoneum with visceral peritoneum). Explain why abdominal rigidity occurs with peritonitis.,,,y,Anatomy,1,Exam 1,GIT
Explain the difference in referred pain for paired vs unpaired organs. Describe the typical regions of referred pain for the following organs: a. Stomach b. Gallbladder c. Small and large intestine d. Kidneys e. Ureters,,,y,Anatomy,1,Exam 1,GIT
"Define the transpyloric plane, and explain why it is a useful (noting that factors like posture, phase of respiration, pregnancy, age, sex and body build can affect whether structures can be found on any particular plane in real life imaging). Illustrate and label structures typically found at this level.",,,y,Anatomy,1,Exam 1,GIT
"Define peptic ulceration and describe the potential anatomical location of peptic ulcers. Relate the location of peptic ulcers to surrounding structures (including blood vessels) and discuss potential complications of peptic ulcers, including the anatomical basis of melaena?",,,y,Anatomy,1,Exam 1,GIT
Define anatomical and physiological lobes of the liver (noting what separates right from left with each). Define hepatic segments (noting what separates them from each other) and explain their significance.,,,y,Anatomy,1,Exam 1,GIT
Discuss the potential complications of a cholecystectomy (noting that variations occur with the origin and course of the cystic artery as well as with the biliary tree).,,,y,Anatomy,1,Exam 1,GIT
"Define appendicitis and state its potential complications. Explain patterns of referred pain in cases of appendicitis, including why the pain typically starts in the umbilical region then shifts to the right iliac fossa.",,,y,Anatomy,1,Exam 1,GIT
Indicate the site and content of a diaphragmatic hiatus hernia,,,y,Anatomy,1,Exam 1,GIT
"Illustrate the branches of the abdominal aorta. Define the terms aneurysm (as in an abdominal aortic aneurysm or ‚Äö√Ñ√≤AAA‚Äö√Ñ√¥) and dissection. Link the anatomy of the abdominal aorta and its relations to how these conditions may present (e.g. where blood could accumulate in a ruptured AAA, structures which may have their blood supply impaired through a clot or tear in the wall of the aorta, etc.). In cases of a ruptured AAA, describe the spaces blood may accumulate in.",,,y,Anatomy,1,Exam 1,GIT
Define the term ‚Äö√Ñ√≤portal-systemic anastomosis‚Äö√Ñ√¥ and indicate sites of such anastomoses (noting veins involved at the major sites). Explain the significance of this in portal hypertension (noting its major cause and potential complications).,,,y,Anatomy,1,Exam 1,GIT
Describe the venous drainage pattern of the gut (e.g. colon) versus a paired viscera (e.g. kidney/suprarenal gland). Compare and contrast venous spread of cancer from the gut with that from paired viscera.,,,y,Anatomy,1,Exam 1,GIT