objective,explanation,lecture_id,include,category,exam,system
"Discern the difference between the true pelvis, false pelvis, and the perineum",,Overview of the pelvis,y,Anatomy,,Reproduction
Describe muscles that make up the pelvic diaphragm,,Overview of the pelvis,y,Anatomy,,Reproduction
Trace the 5 passageways for structures to enter and leave the pelvis,,Overview of the pelvis,y,Anatomy,,Reproduction
Describe the positional relationships between the pelvic viscera,,Overview of the pelvis,y,Anatomy,,Reproduction
Describe the neurovasculature of the pelvis as it pertains to the reflexes of micturition/defecation,,Overview of the pelvis,y,Anatomy,,Reproduction
Contrast the lymphatic drainage of the pelvis and the perineum,,Overview of the pelvis,y,Anatomy,,Reproduction
Describe the general microscopic organization of the testis and associated structures,,Histology of the reproductive tract 1,y,Anatomy,,Reproduction
"Describe major cell types of the testis, their function and be able to identify them on histological section",,Histology of the reproductive tract 1,y,Anatomy,,Reproduction
Compare and contrast the functional and morphological characteristics of sperm during different stages of spermatogenesis,,Histology of the reproductive tract 1,y,Anatomy,,Reproduction
Describe how the 4 primary tissue types contribute to form the testis and associated structures,,Histology of the reproductive tract 1,y,Anatomy,,Reproduction
Identify key fertility issues,,Histology of the reproductive tract 1,y,Anatomy,,Reproduction
"Describe the general microscopic organization of the ovary, fallopian tube and uterus",,Histology of the reproductive tract 2,y,Anatomy,,Reproduction
"Describe the major cell types of the ovary and uterus, their function and be able to identify them on histological section",,Histology of the reproductive tract 2,y,Anatomy,,Reproduction
Compare and contrast the functional and morphological characteristics of follicles during different stages of folliculogenesis and post-ovulation,,Histology of the reproductive tract 2,y,Anatomy,,Reproduction
"Describe how the 4 primary tissue types contribute to form the ovary, fallopian tube and uterus",,Histology of the reproductive tract 2,y,Anatomy,,Reproduction
"Orient to the perineum, its subdivisions, and fasciae",,Adult reproductive development,y,Anatomy,,Reproduction
Compare the erectile tissues in males and females,,Adult reproductive development,y,Anatomy,,Reproduction
Describe the neurovasculature of the perineum as it pertains to sexual reproduction,,Adult reproductive development,y,Anatomy,,Reproduction
Trace the reproductive tract of males and females,,Adult reproductive development,y,Anatomy,,Reproduction
Describe the process of sexual differentiation from an early indifferent gonad stage,,Adult reproductive development,y,Anatomy,,Reproduction
Define the vulva,,Anatomy of the labia and clitoris,y,Anatomy,,Reproduction
"Describe structure, function and neurovascular supply of the labia minora and majora",,Anatomy of the labia and clitoris,y,Anatomy,,Reproduction
Understand the range of normal anatomical variation in the appearance of the labia,,Anatomy of the labia and clitoris,y,Anatomy,,Reproduction
"Describe structure, function and neurovascular supply of the clitoris",,Anatomy of the labia and clitoris,y,Anatomy,,Reproduction
Compare and contrast development of the labia and clitoris with development of the penis and scrotum,,Anatomy of the labia and clitoris,y,Anatomy,,Reproduction
Define the four major functional components of the male reproductive system,,Male reproduction,y,Physiology,,Reproduction
Describe the processes of spermatogenesis and spermiogenesis,,Male reproduction,y,Physiology,,Reproduction
Explain how sperm is transported through the male reproductive tract,,Male reproduction,y,Physiology,,Reproduction
Describe the role of the hypothalamus and pituitary gland in the regulation of spermatogenesis,,Male reproduction,y,Physiology,,Reproduction
List the hormones secreted by the testes,,Male reproduction,y,Physiology,,Reproduction
Describe the structure and function of the female reproductive organs,,Female reproduction,y,Physiology,,Reproduction
Define the different stages of the ovarian cycle,,Female reproduction,y,Physiology,,Reproduction
Describe the role of the hypothalamus and pituitary gland in the regulation of the ovarian cycle,,Female reproduction,y,Physiology,,Reproduction
List the hormones secreted by the ovary,,Female reproduction,y,Physiology,,Reproduction
Define the different stages of the uterine cycle,,Female reproduction,y,Physiology,,Reproduction
Explain the changes that occur in the uterine endometrium during the menstrual cycle,,Female reproduction,y,Physiology,,Reproduction
"Describe the importance of health promotion for clinicians and public health workers in addressing biological, social and environmental determinants of health",,Introduction to health promotion,y,Health promotion,,
"Explain the key features of major global health promotion frameworks, including the Ottawa Charter, Health in All Policies, Primary Health Care and Planetary Health",,Introduction to health promotion,y,Health promotion,,
Describe oogenesis,,Fertilisation,y,Physiology,,Reproduction
Define sperm capacitation,,Fertilisation,y,Physiology,,Reproduction
Describe sperm penetration of the zona pellucida,,Fertilisation,y,Physiology,,Reproduction
Explain the steps involved in the fusion of the oocyte and sperm membranes,,Fertilisation,y,Physiology,,Reproduction
Describe egg activation,,Fertilisation,y,Physiology,,Reproduction
Describe early embryo development through to implantation,,Pregnancy,y,Physiology,,Reproduction
Explain why implantation failure may occur,,Pregnancy,y,Physiology,,Reproduction
Define the structure and functions of the placenta and amniotic fluid,,Pregnancy,y,Physiology,,Reproduction
Describe the hormonal control of pregnancy,,Pregnancy,y,Physiology,,Reproduction
Define the maternal adaptations of pregnancy,,Pregnancy,y,Physiology,,Reproduction
Define the role of glucocorticoids in foetal maturation,,Birth,y,Physiology,,Reproduction
"Describe the roles of progesterone, estrogen, oxytocin and prostaglandins in the induction of labour",,Birth,y,Physiology,,Reproduction
Define the risks associated with preterm birth,,Birth,y,Physiology,,Reproduction
Describe the initial adjustments of an infant to extrauterine life,,Birth,y,Physiology,,Reproduction
Explain the process of lactation and list the hormones that control this process,,Birth,y,Physiology,,Reproduction
Describe the factors that affect the timing of puberty,,Puberty,y,Physiology,,Reproduction
Define the physical changes of puberty,,Puberty,y,Physiology,,Reproduction
Define the stages of puberty,,Puberty,y,Physiology,,Reproduction
Explain how the HPG axis is activated at puberty,,Puberty,y,Physiology,,Reproduction
Describe the metabolic regulation of puberty,,Puberty,y,Physiology,,Reproduction
Define the mechanisms and pathophysiology of the menopause,,Menopause,y,Physiology,,Reproduction
Describe the causes of premature ovarian insufficiency,,Menopause,y,Physiology,,Reproduction
List the commonly reported menopausal symptoms and explain the mechanisms underlying hot flushes,,Menopause,y,Physiology,,Reproduction
Discuss the long-term consequences of menopause and treatment options available,,Menopause,y,Physiology,,Reproduction
Recognise the unique challenges faced for controlling sexually transmitted infections (STIs),,Sexually transmitted & genital infections,y,Physiology,,Reproduction
Describe common STIs and their causative organism,,Sexually transmitted & genital infections,y,Physiology,,Reproduction
"Explain the transmission, clinical presentation and pathogenesis",,Sexually transmitted & genital infections,y,Physiology,,Reproduction
Describe how common STIs are diagnosed,,Sexually transmitted & genital infections,y,Physiology,,Reproduction
Apply population data on health and illness to inform clinical practice for medical practitioners,,Y2S2,n,,,
Identify and explain the skills and strategies necessary for a medical practitioner to be effective in promoting the health of their practice population,,Y2S2,n,,,
"Describe current approaches and barriers to health promotion in populations such as refugees, LGBTQ and Indigenous communities",,Y2S2,n,,,
Understand the clinician’s role in health advocacy,,Y2S2,n,,,
Orient the head and neck to other regions of the body,,Y2S2,n,,,
Differentiate between visceral and non-visceral spaces,,Y2S2,n,,,
Demonstrate the embryological and anatomical importance of the pharynx in connecting the visceral spaces,,Y2S2,n,,,
Introduce fasciae in the head and neck,,Y2S2,n,,,
Introduce the cranial nerves as an important area of study,,Y2S2,n,,,
Describe the layers of the cervical fascia,,Y2S2,n,,,
Identify the major spaces of the neck,,Y2S2,n,,,
Predict potential spread of pathology along neck fascial planes,,Y2S2,n,,,
"Identify the germ layers contributing to the pharyngeal apparatus, and the structures these form within the pharyngeal apparatus",,Y2S2,n,,,
"Label the components of the pharyngeal apparatus, and identify the adult derivatives of each pharyngeal arch component",,Y2S2,n,,,
"Outline the cranial nerves associated with each pharyngeal arch, and the implications for innervation post-natal",,Y2S2,n,,,
Describe the impact of atypical development on the anatomical structure of the head and neck,,Y2S2,n,,,
Articulate how awareness of pharyngeal arch development can help with patient diagnosis and treatment,,Y2S2,n,,,
Explain the composition of blood,,Y2S2,n,,,
Outline the most significant blood group systems in the use of blood products,,Y2S2,n,,,
"Outline key concepts in blood compatibility testing, including antiglobulin tests",,Y2S2,n,,,
Describe main blood component products and indications for their use,,Y2S2,n,,,
Identify types of adverse transfusion reactions,,Y2S2,n,,,
Outline the process of coagulation and fibrinolysis in normal haemostasis,,Y2S2,n,,,
Identify the clinical signs of coagulation and platelet disorders,,Y2S2,n,,,
Outline the presentation and pathophysiology of significant coagulation disorders,,Y2S2,n,,,
Identify tests used for the diagnosis of coagulation disorders,,Y2S2,n,,,
Interpret basic coagulation diagnostic tests in a clinical context,,Y2S2,n,,,
Outline the basic concepts of anticoagulant treatment,,Y2S2,n,,,
"Discuss the interplay of medical, scientific, social, cultural, political, economic and ethical factors in health and human rights",,Y2S2,n,,,
Describe impacts of human rights policies and practices on vulnerable populations,,Y2S2,n,,,
Describe ways in which globalisation manifests as a connected set of processes which impact health at individual and community levels,,Y2S2,n,,,
Identify improvements in specific global health indicators which have been generated by contemporary globalisation,,Y2S2,n,,,
Discuss the ways globalisation has increased health inequity within and across countries,,Y2S2,n,,,
"Identify key relationships between trade liberalisation and food insecurity, access to medicines and changes in prevalence of non-communicable disease",,Y2S2,n,,,
Understand the principles of pandemic preparedness,,Y2S2,n,,,
"Describe the innervation and adult anatomy of the tongue, and compare this to pharyngeal arch derivatives",,Y2S2,n,,,
Explain the adult location and clinical anomalies related to thyroid development,,Y2S2,n,,,
"Examine the link between face structural development and the pharyngeal arches, and how knowledge of this can impact clinical diagnosis and outcomes like cleft lip and palate",,Y2S2,n,,,
"Identify the bones that form the roof, floor, lateral wall, medial wall and apex of the orbit",,Y2S2,n,,,
Appreciate the orientation of the orbit and axis of movement of the globe,,Y2S2,n,,,
Appreciate the connective tissue that fill the orbit,,Y2S2,n,,,
Appreciate the muscles that move the eyelid(s),,Y2S2,n,,,
Identify the 6 extraocular eye muscles and understand their neural innervation,,Y2S2,n,,,
Appreciate the isolated actions of each of the extraocular eye muscles,,Y2S2,n,,,
Understand the anatomical basis for the double H test and testing the extraocular eye muscles,,Y2S2,n,,,
"Recognize the key features of 3rd, 4th, or 6th nerve palsy",,Y2S2,n,,,
Describe erythropoiesis,,Y2S2,n,,,
Define anaemia,,Y2S2,n,,,
Outline the underlying causes of anaemia,,Y2S2,n,,,
Identify signs of anaemia,,Y2S2,n,,,
Describe the classification of anaemia,,Y2S2,n,,,
Describe the lab diagnosis of anaemia,,Y2S2,n,,,
Outline the underlying cause of haematological malignancies,,Y2S2,n,,,
Explain terminology used for haematological malignancies,,Y2S2,n,,,
Identify common presenting signs and symptoms,,Y2S2,n,,,
Distinguish between leukemias and lymphomas,,Y2S2,n,,,
Outline investigations for diagnosis of haematological malignancies,,Y2S2,n,,,
Name common haematological malignancies and their risk factors,,Y2S2,n,,,
Identify approaches to management of haematological malignancies,,Y2S2,n,,,
Consolidate your knowledge on symptoms and main causes/types of anaemia,,Y2S2,n,,,
"Discuss how deficiencies in iron, Vitamin B12 and folic acid affect anaemia",,Y2S2,n,,,
Explain main treatments for anaemia including routes of administration and side effects,,Y2S2,n,,,
Distinguish megaloblastic anaemia caused by B12 and folic acid deficiencies and their treatments or consequences,,Y2S2,n,,,
Explain the concept of vaccination and how vaccination relates to immunisation,,Y2S2,n,,,
"Describe different types of vaccines, why they are needed and how they work",,Y2S2,n,,,
Describe the national vaccination schedule across the lifespan and give examples of the consequences of less than optimal vaccination rates,,Y2S2,n,,,
Describe the process by which vaccination is handled in primary care and describe the approach taken to handling the concerns parents may have about the vaccination of their children,,Y2S2,n,,,
Identify the role of vaccination in addressing global challenges like emerging and re-emerging diseases,,Y2S2,n,,,
Describe the key components of managing outbreaks of vaccine-preventable diseases,,Y2S2,n,,,
Identify the barriers and enablers of vaccination in LMICs and conflict-affected areas,,Y2S2,n,,,
Analyse key concepts in the study of primary immunodeficiency and examine how diverse genetic mutations leads to diverse clinical outcomes,,Y2S2,n,,,
"Compare and contrast the genes, clinical outcomes, and treatments associated with immunodeficiencies of innate immunity",,Y2S2,n,,,
Dissect the different mechanisms resulting in Severe Combined Immunodeficiency (SCID) and explain how they influence lymphocyte development,,Y2S2,n,,,
"Compare and contrast the genes, clinical outcomes, and treatments involved in deficiencies of lymphocyte activation",,Y2S2,n,,,
Define the concept of hypersensitivities and analyse in detail the immunological mechanisms that drive Type I hypersensitivity,,Y2S2,n,,,
Assess the immunological and environmental factors that regulate Type I hypersensitivity and discuss how these can be used in immunotherapy,,Y2S2,n,,,
Appraise the immunological mechanisms that drive the IgG-mediated hypersensitivities (Type II and Type III),,Y2S2,n,,,
Describe the immunological mechanisms that underlie T cell mediated hypersensitivity (Type IV),,Y2S2,n,,,
Define the genetically induced changes that are the hallmarks of cancer,,Y2S2,n,,,
"Introduce the cancers that arise in immune cells, and compare and contrast to the pathogenesis of chronic lymphocyte leukaemia and acute lymphoblastic leukaemia",,Y2S2,n,,,
Outline the effector mechanisms by which the immune system fights cancer and analyse the concepts of immune surveillance and immune evasion,,Y2S2,n,,,
Describe anthropogenic climate change and the consensus evidence which supports it,,Y2S2,n,,,
Discuss the specific direct and indirect impacts of climate change on the population,,Y2S2,n,,,
Explain the relationship between climate change and health inequity,,Y2S2,n,,,
Describe the international agreements which aim to address the impacts of climate change on human health,,Y2S2,n,,,
Explain the key components involved in preparing for climate events/disasters,,Y2S2,n,,,
Discuss how the medical profession can respond to climate change,,Y2S2,n,,,
Discuss key concepts in autoimmunity and immunological tolerance,,Y2S2,n,,,
Analyse the relative contributions of genetics and environment to the failure of tolerance and the generation of autoimmunity,,Y2S2,n,,,
Compare and contrast two T cell-driven autoimmunities: Type I diabetes and Rheumatoid arthritis,,Y2S2,n,,,
"Distinguish the immunological mechanisms that drive the B cell driven autoimmunities of SLE, Myasthenia Gravis and Graves’ Disease",,Y2S2,n,,,
Review the structure and function of antibodies and outline the humoral immune response,,Y2S2,n,,,
Introduce the concept of monoclonal antibodies and analyse the use of antibodies as tools in immunodiagnosis,,Y2S2,n,,,
Assess the use of monoclonal antibodies to treat disorders of the immune system,,Y2S2,n,,,
Analyse the use of monoclonal antibodies in targeting checkpoint inhibitors to promote T cell immunity to cancer,,Y2S2,n,,,
Describe the pharmacology of major classes of immunosuppressant and immunomodulatory drugs,,Y2S2,n,,,
Discuss the major uses of immunomodulatory/stimulant drugs,,Y2S2,n,,,
"Describe the relationship of the pharynx to the nasal cavity, oral cavity, larynx, orbit, and middle ear",,Y2S2,n,,,
Describe the muscles of the pharynx and their role in the passage of food,,Y2S2,n,,,
"Explain how the features within, and the overall structure of, the nasal cavity and nasopharynx contribute to its primary functions",,Y2S2,n,,,
"Explain how the features within, and the overall structure of, the oral cavity and oropharynx contribute to its primary functions",,Y2S2,n,,,
"Explain how the features within, and the overall structure of, the larynx and laryngopharynx contribute to its primary functions",,Y2S2,n,,,
Review the bony landmarks that create the infratemporal fossa,,Y2S2,n,,,
Identify the muscles of mastication and explain them using their action and innervation,,Y2S2,n,,,
Describe the components of the temporomandibular joint and their functional role,,Y2S2,n,,,
Identify the branches of the maxillary artery in the infratemporal fossa,,Y2S2,n,,,
Explain the function of the branches of the mandibular division of the trigeminal nerve (V3),,Y2S2,n,,,
Understand the anatomical reference planes relating to the brain and spinal cord,,Y2S2,n,,,
"Identify the lobes of the cerebrum, and key sulci that divide the lobes",,Y2S2,n,,,
Understand the concept of localization of function as it relates to the anatomy of the cerebral cortex organised as lobes,,Y2S2,n,,,
"Demonstrate the location of the primary motor cortex, frontal eye fields, supplementary and pre-motor areas",,Y2S2,n,,,
Demonstrate the location of the primary somatosensory cortex,,Y2S2,n,,,
Demonstrate the location of the primary auditory cortex,,Y2S2,n,,,
Demonstrate the location of the primary visual cortex,,Y2S2,n,,,
Identify the gross anatomical features of the spinal cord and meningeal layers,,Y2S2,n,,,
Demonstrate where the spinal cord terminates,,Y2S2,n,,,
Describe the corticospinal (motor) neuroanatomical pathway,,Y2S2,n,,,
Describe the dorsal column medial lemniscus pathway (light touch and proprioception),,Y2S2,n,,,
Describe the spinothalamic tract (pain and temperature),,Y2S2,n,,,
Relate the neuroanatomy of the major pathways to surface anatomical features of the brain stem and spinal cord,,Y2S2,n,,,
Understand the neuroanatomy underlying altered reflexes as a result of injury to either upper or lower motor neurons,,Y2S2,n,,,
Understand the components and organisation of the MSE,,Y2S2,n,,,
Define the phenomena recorded in the MSE,,Y2S2,n,,,
Begin to recognise and label and report observed MSE phenomena,,Y2S2,n,,,
Conduct and report or observe and report the findings of a MSE (including cognition) from an interview or an observed interview at a basic level,,Y2S2,n,,,
Understand what is meant by cognitive testing and the factors influencing it,,Y2S2,n,,,
Understand the principles of screening as opposed to testing for cognitive impairment,,Y2S2,n,,,
Know the components of the MMSE and its limitations,,Y2S2,n,,,
Practice cognitive testing in future tutorials and clinical situations,,Y2S2,n,,,
Understand how the Mental State Examination contributes to a diagnosis,,Y2S2,n,,,
Understand that the location(s) of a neuron(s) is established due to fate specification during development,,Y2S2,n,,,
Construct a framework to enable identification of cranial nerve nuclei depending on their function,,Y2S2,n,,,
Compare and contrast the different types of neurons that travel in spinal nerves with the types of neurons that travel in cranial nerves,,Y2S2,n,,,
Identify the cranial nerves as they emerge from the brainstem,,Y2S2,n,,,
Identify anatomical structures important to the visual pathway,,Y2S2,n,,,
Demonstrate how to localise a lesion by mapping visual field deficits to the neuroanatomy of the visual pathway,,Y2S2,n,,,
Identify the neuroanatomy that enables the pupillary and accommodation reflexes,,Y2S2,n,,,
Understand the fundamental organisation of cerebellar inputs and outputs,,Y2S2,n,,,
Understand the applied anatomy that relates to a cerebellar examination,,Y2S2,n,,,
Describe the mechanisms of action of various anti-depressants / anti-manic drugs,,Y2S2,n,,,
Compare and contrast between the different classes of antidepressants / anti-manic drugs,,Y2S2,n,,,
Identify an example drug from each the different classes of antidepressants / anti-manic drugs,,Y2S2,n,,,
Describe the mechanisms of action of various anti-psychotic drugs,,Y2S2,n,,,
Compare and contrast between the different classes of anti-psychotic drugs,,Y2S2,n,,,
Identify an example drug from typical and atypical anti-psychotic families,,Y2S2,n,,,
"Describe the functional organisation of upper and lower motor neurons, and the clinical signs of lesions of these neurons",,Y2S2,n,,,
Describe the major cortical areas involved in motor control,,Y2S2,n,,,
Describe the major functional subdivisions of the cerebellum and their association with common movement disorders,,Y2S2,n,,,
Describe the functional circuitry within the basal ganglia and its relationship to common movement disorders,,Y2S2,n,,,
Describe the course of the internal carotid arteries and identify their major branches,,Y2S2,n,,,
Describe the course of the vertebral arteries and identify their major branches,,Y2S2,n,,,
"Identify the arterial circle, basilar artery and its main branches",,Y2S2,n,,,
"Understand the vascular territory and CNS tissues innervated by the anterior cerebral, middle cerebral, posterior cerebral, anterior choroidal, basilar, and vertebral arteries",,Y2S2,n,,,
Understand the connections between the cortex (upper motor neurons) and brain stem (lower motor neurons),,Y2S2,n,,,
Understand how the subcortical white matter is organised and how projection fibres pass though the internal capsule,,Y2S2,n,,,
Understand the key functions of the basal nuclei,,Y2S2,n,,,
Understand the anatomical basis for disorders / disease affecting the basal nuclei (Parkinson’s and Huntington’s),,Y2S2,n,,,
Describe the neurochemical deficits and pathology in Parkinson's Disease & Huntingdon's Disease,,Y2S2,n,,,
Describe the mechanisms of action of various drugs used in the treatment of Parkinson's Disease & Huntingdon's Disease,,Y2S2,n,,,
Compare and contrast between the different classes of drugs used in the treatment of Parkinson's Disease,,Y2S2,n,,,
Describe the locations and functions of the main language areas of the brain,,Y2S2,n,,,
Describe how language functions are lateralized in the brain,,Y2S2,n,,,
Describe how language functions are affected by damage to different areas of the brain,,Y2S2,n,,,
Describe the structure and function of the vestibular system,,Y2S2,n,,,
Explain how positional signals are detected and transduced by vestibular hair cells,,Y2S2,n,,,
Outline the major neural connections of the vestibular system and explain how these pathways integrate vestibular inputs with other sensory systems to maintain balance,,Y2S2,n,,,
Outline the motor responses that maintain gaze stabilization and posture,,Y2S2,n,,,
"Relate vestibular physiology to common clinical disorders, including those affecting balance",,Y2S2,n,,,
"Understand what sleep is, and how much of it we need",,Y2S2,n,,,
Describe how we measure sleep,,Y2S2,n,,,
Know what the main sleep-related breathing disorders are,,Y2S2,n,,,
Know what the main sleep-related movement disorders are,,Y2S2,n,,,
"Describe the various options for treating anxiety, highlighting any side effects or concerns",,Y2S2,n,,,
Describe the potential mechanism of action and side effects of the various drugs for sedation and general anaesthesia,,Y2S2,n,,,
Understand the concepts and use of anti-epileptic agents,,Y2S2,n,,,
Describe the potential sites and mechanism(s) of action of anti-epileptic agents,,Y2S2,n,,,
Compare and contrast the properties and uses of different types of anti-epileptic agents,,Y2S2,n,,,
Appreciate that pathogen invasion of CNS is actually quite rare but can be severe and life threatening to self limiting and mild,,Y2S2,n,,,
Describe meningitis and encephalitis and the major clinical features and outcomes of these types of infections,,Y2S2,n,,,
Appreciate the wide variety of organisms can cause CNS infections,,Y2S2,n,,,
Give examples of some key common bacterial and viral causes of acute meningitis,,Y2S2,n,,,
Relate how meningitis is diagnosed and managed,,Y2S2,n,,,
"Describe encephalitis and focal CNS infections, clinical features and outcomes of these types of infections",,Y2S2,n,,,
Appreciate that a wide range of viruses are the major causative agents for encephalitis and give examples,,Y2S2,n,,,
"Relate different types of microbes, bacterial, protozoan and helminths to presentations of focal CNS infections",,Y2S2,n,,,
Relate how encephalitis and focal infections of the CNS are diagnosed and managed,,Y2S2,n,,,
Understand the importance of sleep and the consequences of sleep loss,,Y2S2,n,,,
Understand the various stages of sleep,,Y2S2,n,,,
Understand the various functions of sleep,,Y2S2,n,,,
Understand objective and subjective measurements of sleep,,Y2S2,n,,,
Understand the two-process model of sleep regulation,,Y2S2,n,,,
Understand neurobiological control of sleep and circadian rhythms,,Y2S2,n,,,